<?xml version="1.0" encoding="UTF-8"?>
<unload unload_date="2018-02-27 19:55:15">
<sys_ui_macro action="INSERT_OR_UPDATE">
<active>true</active>
<category>general</category>
<description/>
<media_type/>
<name>group_approval_summarizer</name>
<scoped_name/>
<sys_class_name>sys_ui_macro</sys_class_name>
<sys_created_by>admin</sys_created_by>
<sys_created_on>2017-12-10 20:15:58</sys_created_on>
<sys_id>c2cbcf40db0303001f5d773ebf96193e</sys_id>
<sys_mod_count>4</sys_mod_count>
<sys_name>group_approval_summarizer</sys_name>
<sys_package display_value="Global" source="global">global</sys_package>
<sys_policy/>
<sys_scope display_value="Global">global</sys_scope>
<sys_update_name>sys_ui_macro_c2cbcf40db0303001f5d773ebf96193e</sys_update_name>
<sys_updated_by>admin</sys_updated_by>
<sys_updated_on>2017-12-10 20:33:42</sys_updated_on>
<xml><![CDATA[<?xml version="1.0" encoding="utf-8" ?>
<j:jelly trim="false" xmlns:j="jelly:core" xmlns:g="glide" xmlns:j2="null" xmlns:g2="null">
  <tr>
    <td class="label_left" width="100%">
      <label style="margin-left: 12px"> Summary of Record being requested for approval:
        <g:label_spacing/> 
      </label>
    </td>
  </tr>
  <tr>
    <td>
      <table width="100%">
       <tr>
          <td class="label_left" width="150px">
            <label style="margin-left: 10px">Short Description: 
            </label>
          </td>
          <td> $[current.parent.short_description]
            <g:label_spacing/> 
          </td>
        </tr>
        <tr>
          <td class="label_left" width="150px">
            <label style="margin-left: 10px">Priority: 
            </label>
          </td>
          <td> $[current.parent.priority]
            <g:label_spacing/> 
          </td>
        </tr>
        <tr>
          <td class="label_left" width="150px">
            <label style="margin-left: 10px">Opened by: 
            </label>
          </td>
          <td> $[current.parent.opened_by.getDisplayValue()]
            <g:label_spacing/> 
          </td>
        </tr>        
        <tr>
          <td class="label_left" width="150px">
            <label style="margin-left: 10px">Description: 
            </label>
          </td>
          <td> $[current.parent.description]
            <g:label_spacing/> 
          </td>
        </tr>        
      </table>	
    </td>
  </tr>
</j:jelly>
]]></xml>
</sys_ui_macro>
</unload>
