<?xml version="1.0" encoding="UTF-8"?>
<unload unload_date="2018-02-26 23:19:07">
<sys_script action="INSERT_OR_UPDATE">
<abort_action>false</abort_action>
<access>package_private</access>
<action_delete>false</action_delete>
<action_insert>true</action_insert>
<action_query>false</action_query>
<action_update>true</action_update>
<active>true</active>
<add_message>false</add_message>
<advanced>true</advanced>
<change_fields>false</change_fields>
<client_callable>false</client_callable>
<collection>sc_req_item</collection>
<condition/>
<description/>
<execute_function>false</execute_function>
<filter_condition table="sc_req_item"/>
<is_rest>false</is_rest>
<message/>
<name>Log Active Tasks</name>
<order>100</order>
<priority>100</priority>
<rest_method display_value=""/>
<rest_method_text/>
<rest_service display_value=""/>
<rest_service_text/>
<rest_variables/>
<role_conditions/>
<script><![CDATA[(function executeRule(current, previous /*null when async*/) {

	var tasks = new item_utils().getActiveTasks(current);
	gs.log('Active tasks for ' + current.number + ' are ' + tasks.toString());

})(current, previous);]]></script>
<sys_class_name>sys_script</sys_class_name>
<sys_created_by>admin</sys_created_by>
<sys_created_on>2017-11-25 22:16:29</sys_created_on>
<sys_domain>global</sys_domain>
<sys_domain_path>/</sys_domain_path>
<sys_id>6ad71a13db6243001f5d773ebf96190f</sys_id>
<sys_mod_count>2</sys_mod_count>
<sys_name>Log Active Tasks</sys_name>
<sys_overrides display_value=""/>
<sys_package display_value="Global" source="global">global</sys_package>
<sys_policy/>
<sys_scope display_value="Global">global</sys_scope>
<sys_update_name>sys_script_6ad71a13db6243001f5d773ebf96190f</sys_update_name>
<sys_updated_by>admin</sys_updated_by>
<sys_updated_on>2017-11-25 22:19:31</sys_updated_on>
<template/>
<when>before</when>
</sys_script>
</unload>
