<?xml version="1.0" encoding="UTF-8"?>
<unload unload_date="2018-02-26 23:25:14">
<sysauto_script action="INSERT_OR_UPDATE">
<active>true</active>
<condition/>
<conditional>false</conditional>
<name>Delete Incidents not Updated for more than a Year</name>
<run_as display_value="System Administrator">6816f79cc0a8016401c5a33be04be441</run_as>
<run_as_tz/>
<run_dayofmonth>1</run_dayofmonth>
<run_dayofweek>1</run_dayofweek>
<run_period/>
<run_start>2017-11-26 20:06:55</run_start>
<run_time>1970-01-01 09:00:00</run_time>
<run_type>daily</run_type>
<script><![CDATA[//Delete incidents that have not been updated in the last year.
var date = new GlideDateTime();
date.addYearsLocalTime(-1);

var delIncident = new GlideRecord('incident');
delIncident.addQuery('sys_updated_on', '<', date);
delIncident.deleteMultiple();
]]></script>
<sys_class_name>sysauto_script</sys_class_name>
<sys_created_by>admin</sys_created_by>
<sys_created_on>2017-11-26 20:16:48</sys_created_on>
<sys_id>df34876fdb2a43001f5d773ebf9619b6</sys_id>
<sys_mod_count>6</sys_mod_count>
<sys_name>Delete Incidents not Updated for more than a Year</sys_name>
<sys_package display_value="Global" source="global">global</sys_package>
<sys_policy/>
<sys_scope display_value="Global">global</sys_scope>
<sys_update_name>sysauto_script_df34876fdb2a43001f5d773ebf9619b6</sys_update_name>
<sys_updated_by>admin</sys_updated_by>
<sys_updated_on>2018-02-26 23:23:26</sys_updated_on>
<upgrade_safe>false</upgrade_safe>
</sysauto_script>
</unload>
