<?xml version="1.0" encoding="UTF-8"?>
<unload unload_date="2018-02-26 23:27:40">
<sysevent_script_action action="INSERT_OR_UPDATE">
<active>true</active>
<condition_script/>
<description/>
<event_name>incident.off.hold</event_name>
<name>Take Incident off Hold</name>
<order>100</order>
<script><![CDATA[var incident = new GlideRecord('incident');
incident.get(event.parm1);
incident.state = '2';
incident.u_on_hold_until = '';
incident.update();]]></script>
<sys_class_name>sysevent_script_action</sys_class_name>
<sys_created_by>admin</sys_created_by>
<sys_created_on>2017-11-26 22:10:43</sys_created_on>
<sys_domain>global</sys_domain>
<sys_domain_path>/</sys_domain_path>
<sys_id>5c106b6bdb6a43001f5d773ebf96190a</sys_id>
<sys_mod_count>3</sys_mod_count>
<sys_name>Take Incident off Hold</sys_name>
<sys_overrides display_value=""/>
<sys_package display_value="Global" source="global">global</sys_package>
<sys_policy/>
<sys_scope display_value="Global">global</sys_scope>
<sys_update_name>sysevent_script_action_5c106b6bdb6a43001f5d773ebf96190a</sys_update_name>
<sys_updated_by>admin</sys_updated_by>
<sys_updated_on>2017-11-26 22:21:01</sys_updated_on>
</sysevent_script_action>
</unload>
