<?xml version="1.0" encoding="UTF-8"?>
<unload unload_date="2018-02-27 19:52:14">
<sys_ui_page action="INSERT_OR_UPDATE">
<category>general</category>
<client_script/>
<description/>
<direct>false</direct>
<endpoint/>
<html><![CDATA[<?xml version="1.0" encoding="utf-8" ?>
<j:jelly trim="false" xmlns:j="jelly:core" xmlns:g="glide" xmlns:j2="null" xmlns:g2="null">
	
<nav class="navbar navbar-default" role="navigation">
<div class="container-fluid">
	<div class="navbar-header">
		<input type="HIDDEN" id="sysverb_back"></input>
		<h1 style="display:inline-block;" class="navbar-title">Change Request </h1>
	</div>
	<div class="nav navbar-right">
	</div>
</div>
</nav>
<div class="container-fluid" style="border-bottom: 1px solid #ddd; margin-bottom: 5px;">
	<h4 class="wizard-row-indent">What type of change is required?</h4>
</div>
<div class="container-fluid wizard-container">
	<a href="change_request.do?sysparm_query=type=standard">
	Standard Change - A predefined change. </a><br/>

	<a href="change_request.do?sysparm_query=type=normal">
	Normal Change - A regular change with over two weeks until start. </a><br/>

	<a href="change_request.do?sysparm_query=type=emergency">
	Emergency Change - A change occuring within two weeks. </a>
</div>	
	
</j:jelly>]]></html>
<name>change_interceptor</name>
<processing_script/>
<sys_class_name>sys_ui_page</sys_class_name>
<sys_created_by>admin</sys_created_by>
<sys_created_on>2017-12-03 22:55:04</sys_created_on>
<sys_id>c99967f5db3203001f5d773ebf961926</sys_id>
<sys_mod_count>16</sys_mod_count>
<sys_name>change_interceptor</sys_name>
<sys_package display_value="Global" source="global">global</sys_package>
<sys_policy/>
<sys_scope display_value="Global">global</sys_scope>
<sys_update_name>sys_ui_page_c99967f5db3203001f5d773ebf961926</sys_update_name>
<sys_updated_by>admin</sys_updated_by>
<sys_updated_on>2017-12-04 00:06:18</sys_updated_on>
</sys_ui_page>
</unload>
