<?xml version="1.0" encoding="UTF-8"?>
<unload unload_date="2018-02-26 21:37:06">
<sys_script_client action="INSERT_OR_UPDATE">
<active>true</active>
<applies_extended>false</applies_extended>
<condition/>
<description/>
<field>category</field>
<global>true</global>
<messages/>
<name>Set Urgency by Category</name>
<order/>
<script><![CDATA[function onChange(control, oldValue, newValue, isLoading, isTemplate) {
   if (isLoading || newValue === '') {
      return;
   }

  switch(newValue) {
	  case 'network':
		  g_form.setValue('urgency', 1);
		  break;
	  case 'database':
		  g_form.setValue('urgency', 2);
		  break;
	  default:
		  g_form.setValue('urgency', 3);
		  
  }
   
}]]></script>
<sys_class_name>sys_script_client</sys_class_name>
<sys_created_by>admin</sys_created_by>
<sys_created_on>2017-10-15 18:06:54</sys_created_on>
<sys_domain>global</sys_domain>
<sys_domain_path>/</sys_domain_path>
<sys_id>b604da06db3543001f5d773ebf96193f</sys_id>
<sys_mod_count>3</sys_mod_count>
<sys_name>Set Urgency by Category</sys_name>
<sys_overrides display_value=""/>
<sys_package display_value="Global" source="global">global</sys_package>
<sys_policy/>
<sys_scope display_value="Global">global</sys_scope>
<sys_update_name>sys_script_client_b604da06db3543001f5d773ebf96193f</sys_update_name>
<sys_updated_by>admin</sys_updated_by>
<sys_updated_on>2018-02-26 21:36:46</sys_updated_on>
<table>incident</table>
<type>onChange</type>
<ui_type>0</ui_type>
<view/>
</sys_script_client>
</unload>
