<?xml version="1.0" encoding="UTF-8"?>
<unload unload_date="2018-02-26 21:55:14">
<sys_ui_policy action="INSERT_OR_UPDATE">
<active>true</active>
<conditions table="incident">category=inquiry^EQ<item goto="false" or="false" field="category" endquery="false" value="inquiry" operator="=" newquery="false"/>
<item goto="false" or="false" field="" endquery="true" value="" operator="=" newquery="false"/>
</conditions>
<description/>
<global>true</global>
<inherit>false</inherit>
<model_id/>
<model_table/>
<on_load>true</on_load>
<order>100</order>
<reverse_if_false>true</reverse_if_false>
<run_scripts>true</run_scripts>
<script_false><![CDATA[function onCondition() {
	g_form.setValue('short_description', '');
}]]></script_false>
<script_true><![CDATA[function onCondition() {
	g_form.setValue('short_description', 'Matched condition');
}]]></script_true>
<set_values/>
<short_description>Set Short Description</short_description>
<sys_class_name>sys_ui_policy</sys_class_name>
<sys_created_by>admin</sys_created_by>
<sys_created_on>2017-10-15 21:17:18</sys_created_on>
<sys_domain>global</sys_domain>
<sys_domain_path>/</sys_domain_path>
<sys_id>f69f3ac6db7543001f5d773ebf96190b</sys_id>
<sys_mod_count>3</sys_mod_count>
<sys_name>Set Short Description</sys_name>
<sys_overrides display_value=""/>
<sys_package display_value="Global" source="global">global</sys_package>
<sys_policy/>
<sys_scope display_value="Global">global</sys_scope>
<sys_update_name>sys_ui_policy_f69f3ac6db7543001f5d773ebf96190b</sys_update_name>
<sys_updated_by>admin</sys_updated_by>
<sys_updated_on>2018-02-26 21:50:11</sys_updated_on>
<table>incident</table>
<ui_type>0</ui_type>
<view display_value="" name="NULL"/>
</sys_ui_policy>
</unload>
