<?xml version="1.0" encoding="UTF-8"?>
<unload unload_date="2018-02-27 20:12:39">
<sys_script_client action="INSERT_OR_UPDATE">
<active>true</active>
<applies_extended>false</applies_extended>
<condition/>
<description/>
<field>active</field>
<global>true</global>
<messages/>
<name>Show Active State of Caller</name>
<order/>
<script><![CDATA[function onLoad() {
	
	g_form.showFieldMsg('caller_id', 'Active: ' + g_scratchpad.caller_active);
}]]></script>
<sys_class_name>sys_script_client</sys_class_name>
<sys_created_by>admin</sys_created_by>
<sys_created_on>2017-12-28 23:30:13</sys_created_on>
<sys_domain>global</sys_domain>
<sys_domain_path>/</sys_domain_path>
<sys_id>64a32cc2db5303001f5d773ebf961998</sys_id>
<sys_mod_count>6</sys_mod_count>
<sys_name>Show Active State of Caller</sys_name>
<sys_overrides display_value=""/>
<sys_package display_value="Global" source="global">global</sys_package>
<sys_policy/>
<sys_scope display_value="Global">global</sys_scope>
<sys_update_name>sys_script_client_64a32cc2db5303001f5d773ebf961998</sys_update_name>
<sys_updated_by>admin</sys_updated_by>
<sys_updated_on>2018-02-12 19:28:35</sys_updated_on>
<table>incident</table>
<type>onLoad</type>
<ui_type>0</ui_type>
<view/>
</sys_script_client>
</unload>
